action	experience	enabled_in_keyguard	stock_role	penumbra_route	safety_boundary	evidence	note	stock_evidence
AcceptCall	DIALER	true	prompt	restored_direct	call_state	runtime/core/src/tier_a.rs::"AcceptCall"	Strict fallback emits the installed native action.	ironman/sources/humaneinternal/system/intent/actions/telephony/AcceptCallAction.java
AddIfThenEntry	CENTRAL	true	prompt	restored_direct	keyguard_safe	runtime/core/src/tier_a.rs::"AddIfThenEntry"	Feature-gated by vision_actions_enabled; the strict fallback emits the installed native action only while enabled.	ironman/sources/humaneinternal/system/intent/actions/sdk/AddIfThenEntryAction.java
Alarm	CLOCK	true	agent	restored_agent	keyguard_safe	runtime/core/src/tier_a.rs::"Alarm"	Bounded schema-aware agent route preserves the native handler.	ironman/sources/humaneinternal/system/intent/actions/agent/AlarmAgentAction.java
AmIOnline	CENTRAL	true	prompt	restored_direct	keyguard_safe	runtime/core/src/tier_a.rs::"AmIOnline"	Strict fallback emits the installed native action.	ironman/sources/humaneinternal/system/intent/actions/system/AmIOnlineAction.java
AskConfirmationForEmergencyCall	DIALER	true	context	context_only	emergency_confirmation	runtime/core/src/tier_a.rs::"AskConfirmationForEmergencyCall"	Valid only inside an active matching stock/restored context.	ironman/sources/humaneinternal/system/intent/actions/telephony/AskConfirmationForEmergencyCallAction.java
AskConfirmationForFactoryReset	CENTRAL	false	context	context_only	destructive_mutation	runtime/core/src/tier_a.rs::"AskConfirmationForFactoryReset"	Valid only inside an active matching stock/restored context.	ironman/sources/humaneinternal/system/intent/actions/settings/AskConfirmationForFactoryResetAction.java
CallPerson	DIALER	false	prompt	restored_direct	call_state	runtime/core/src/tier_a.rs::"CallPerson"	Strict fallback emits one explicit non-emergency recipient.	ironman/sources/humaneinternal/system/intent/actions/telephony/CallPersonAction.java
CancelAlarm	CLOCK	true	agent_tool	restored_agent	keyguard_safe	runtime/core/src/tier_a.rs::"CancelAlarm"	Bounded schema-aware agent route preserves the native handler.	ironman/sources/humaneinternal/system/intent/actions/clock/CancelAlarmAction.java
CancelSendMessage	MESSAGES	false	context	context_only	messaging_state	runtime/core/src/tier_a.rs::"CancelSendMessage"	Valid only inside an active matching stock/restored context.	ironman/sources/humaneinternal/system/intent/actions/messaging/CancelSendMessageAction.java
CapturePhotograph	PHOTOGRAPHY	true	prompt	restored_direct	camera_state	runtime/core/src/tier_a.rs::"CapturePhotograph"	Strict fallback emits the installed native action.	ironman/sources/humaneinternal/system/intent/actions/photography/CapturePhotographAction.java
CaptureVideo	PHOTOGRAPHY	true	prompt	restored_direct	camera_state	runtime/core/src/tier_a.rs::"CaptureVideo"	Strict fallback emits the installed native action.	ironman/sources/humaneinternal/system/intent/actions/photography/CaptureVideoAction.java
CatchMeUp	NOTIFICATIONS	false	prompt	restored_direct	private_data	runtime/core/src/tier_a.rs::"CatchMeUp"	Strict fallback preserves the stock unlocked-only boundary.	ironman/sources/humaneinternal/system/intent/actions/messaging/CatchMeUpAction.java
ChangeQuickAction	AGENT_SETTINGS	true	prompt	restored_direct	keyguard_safe	runtime/core/src/tier_a.rs::"ChangeQuickAction"	Feature-gated strict fallback emits the installed native action.	ironman/sources/humaneinternal/system/intent/actions/settings/ChangeQuickActionAction.java
ClearIfThenMap	CENTRAL	true	prompt	restored_direct	keyguard_safe	runtime/core/src/tier_a.rs::"ClearIfThenMap"	Feature-gated strict fallback emits the installed native action.	ironman/sources/humaneinternal/system/intent/actions/sdk/ClearIfThenMapAction.java
ClearUnderstandingContext	CENTRAL	true	prompt	restored_direct	keyguard_safe	runtime/core/src/tier_a.rs::"ClearUnderstandingContext"	Strict fallback emits the installed native action.	ironman/sources/humaneinternal/system/intent/actions/system/ClearUnderstandingContextAction.java
ComposeMessage	MESSAGES	false	prompt	restored_direct	messaging_state	runtime/core/src/tier_a.rs::"ComposeMessage"	Strict draft planner preserves confirmation and lock policy.	ironman/sources/humaneinternal/system/intent/actions/messaging/ComposeMessageAction.java
ConfirmSendMessage	MESSAGES	false	context	context_only	messaging_state	runtime/core/src/tier_a.rs::"ConfirmSendMessage"	Valid only inside an active matching complete draft.	ironman/sources/humaneinternal/system/intent/actions/messaging/ConfirmSendMessageAction.java
ConnectToBluetooth	AGENT_SETTINGS	true	agent_tool	restored_agent	radio_mutation	runtime/core/src/tier_a.rs::"ConnectToBluetooth"	Unlocked named-device lookup must yield one exact address.	ironman/sources/humaneinternal/system/intent/actions/settings/ConnectToBluetoothAction.java
ConnectToWifi	CENTRAL	true	prompt	restored_direct	radio_mutation	runtime/core/src/tier_a.rs::"ConnectToWifi"	Strict fallback opens the installed selector/QR flow; the optional stock SSID field remains available to the bounded action catalog.	ironman/sources/humaneinternal/system/intent/actions/settings/ConnectToWifiAction.java
Contacts	CONTACTS	true	agent	restored_agent	private_data	runtime/core/src/tier_a.rs::"Contacts"	Bounded schema-aware agent route preserves the native handler.	ironman/sources/humaneinternal/system/intent/actions/agent/ContactsAgentAction.java
CreateContact	CONTACTS	false	prompt	restored_direct	contact_mutation	runtime/core/src/tier_a.rs::"CreateContact"	Unlocked exact-name-and-number fallback preserves the installed handler, including its stock behavior of making every new contact trusted.	ironman/sources/humaneinternal/system/intent/actions/contacts/CreateContactAction.java
CreateMemory	CENTRAL	true	dead_schema	replacement_rpc	private_data	runtime/core/src/tier_a.rs::"CreateMemory"	Annotated action has no central handler; authentic FunctionExecution is restored instead.	ironman/sources/humaneinternal/system/intent/actions/memory/CreateMemoryAction.java
DecrementVolume	CENTRAL	true	prompt	restored_direct	keyguard_safe	runtime/core/src/tier_a.rs::"DecrementVolume"	Strict fallback emits the installed native action.	ironman/sources/humaneinternal/system/intent/actions/system/DecrementVolumeAction.java
DeleteTimer	CLOCK	true	agent_tool	restored_agent	keyguard_safe	runtime/core/src/tier_a.rs::"DeleteTimer"	Bounded schema-aware agent route preserves the native handler.	ironman/sources/humaneinternal/system/intent/actions/clock/DeleteTimerAction.java
DeviceStatus	AGENT_SETTINGS	false	agent_tool	restored_agent	unlocked_required	runtime/core/src/tier_a.rs::"DeviceStatus"	Exact linked CurrentStatus must prove the Pin unlocked.	ironman/sources/humaneinternal/system/intent/actions/settings/DeviceStatusAction.java
DeviceUnlocked	CENTRAL	true	internal	internal_only	device_event	runtime/core/src/tier_a.rs::"DeviceUnlocked"	Device transition; never a broad prompt fallback.	ironman/sources/humaneinternal/system/intent/actions/system/DeviceUnlockedAction.java
DisconnectBluetooth	AGENT_SETTINGS	true	agent_tool	restored_agent	radio_mutation	runtime/core/src/tier_a.rs::"DisconnectBluetooth"	Unlocked named-device lookup must yield one exact address.	ironman/sources/humaneinternal/system/intent/actions/settings/DisconnectBluetoothAction.java
DisconnectWifi	CENTRAL	true	prompt	restored_direct	radio_mutation	runtime/core/src/tier_a.rs::"DisconnectWifi"	Strict single-command fallback emits the installed disconnect action.	ironman/sources/humaneinternal/system/intent/actions/settings/DisconnectWifiAction.java
DisplayAlarm	CLOCK	true	agent_tool	restored_agent	keyguard_safe	runtime/core/src/tier_a.rs::"DisplayAlarm"	Bounded schema-aware agent route preserves the native handler.	ironman/sources/humaneinternal/system/intent/actions/clock/DisplayAlarmAction.java
DisplayContact	CONTACTS	true	agent_tool	restored_agent	private_data	runtime/core/src/tier_a.rs::"DisplayContact"	Contact ID must come from the exact linked search result.	ironman/sources/humaneinternal/system/intent/actions/contacts/DisplayContactAction.java
DisplayMessages	MESSAGES	false	prompt	restored_direct	messaging_state	runtime/core/src/tier_a.rs::"DisplayMessages"	Strict unlocked fallback requests bounded local results.	ironman/sources/humaneinternal/system/intent/actions/messaging/DisplayMessagesAction.java
DisplayTimer	CLOCK	true	agent_tool	restored_agent	keyguard_safe	runtime/core/src/tier_a.rs::"DisplayTimer"	Bounded schema-aware agent route preserves the native handler.	ironman/sources/humaneinternal/system/intent/actions/clock/DisplayTimerAction.java
EditTimer	CLOCK	true	agent_tool	restored_agent	keyguard_safe	runtime/core/src/tier_a.rs::"EditTimer"	Bounded schema-aware agent route preserves the native handler.	ironman/sources/humaneinternal/system/intent/actions/clock/EditTimerAction.java
EndCall	DIALER	true	prompt	restored_direct	call_state	runtime/core/src/tier_a.rs::"EndCall"	Exact control is useful only against matching call state.	ironman/sources/humaneinternal/system/intent/actions/telephony/EndCallAction.java
EnterPrivacyMode	CENTRAL	true	prompt	restored_direct	keyguard_safe	runtime/core/src/tier_a.rs::"EnterPrivacyMode"	Strict fallback emits the installed native action.	ironman/sources/humaneinternal/system/intent/actions/system/EnterPrivacyModeAction.java
ExperimentalInterface	UI_GALLERY	false	developer	developer_only	developer_only	runtime/core/src/tier_a.rs::"ExperimentalInterface"	Filtered from ordinary product prompts.	ironman/sources/humaneinternal/system/intent/actions/internal/ExperimentalInterfaceAction.java
ExplainFailure	ANSWERS	true	policy	internal_only	policy_only	runtime/core/src/tier_a.rs::"ExplainFailure"	Renderer/error transition; never a broad prompt fallback.	ironman/sources/humaneinternal/system/intent/actions/ai_mic/ExplainFailureAction.java
FactoryReset	CENTRAL	false	prompt	restored_direct	destructive_mutation	runtime/core/src/tier_a.rs::"FactoryReset"	Unlocked exact-command fallback emits CENTRAL FactoryReset so the installed destructive confirmation flow remains authoritative.	ironman/sources/humaneinternal/system/intent/actions/settings/FactoryResetAction.java
GenerateMusicPlaylist	MUSIC	true	prompt	provider_bridge	provider_consent	runtime/core/src/tier_a.rs::"GenerateMusicPlaylist"	Native action remains; retired provider boundary has a bounded replacement.	ironman/sources/humaneinternal/system/intent/actions/media/GenerateMusicPlaylistAction.java
GetAirplaneModeStatus	CENTRAL	true	prompt	restored_direct	keyguard_safe	runtime/core/src/tier_a.rs::"GetAirplaneModeStatus"	Strict read-only fallback emits the installed native action.	ironman/sources/humaneinternal/system/intent/actions/settings/GetAirplaneModeStatusAction.java
GetBatteryLevel	CENTRAL	true	prompt	restored_direct	keyguard_safe	runtime/core/src/tier_a.rs::"GetBatteryLevel"	Strict read-only fallback emits the installed native action.	ironman/sources/humaneinternal/system/intent/actions/system/GetBatteryLevelAction.java
GetBluetoothStatus	CENTRAL	true	prompt	restored_direct	keyguard_safe	runtime/core/src/tier_a.rs::"GetBluetoothStatus"	Strict read-only fallback emits the installed native action.	ironman/sources/humaneinternal/system/intent/actions/settings/GetBluetoothStatusAction.java
GetCurrentLocation	CENTRAL	true	prompt	restored_direct	private_data	runtime/core/src/tier_a.rs::"GetCurrentLocation"	Stock observation remains the sole coordinate authority.	ironman/sources/humaneinternal/system/intent/actions/system/GetCurrentLocationAction.java
GetCurrentTime	CENTRAL	true	prompt	restored_direct	keyguard_safe	runtime/core/src/tier_a.rs::"GetCurrentTime"	Strict read-only fallback emits the installed native action.	ironman/sources/humaneinternal/system/intent/actions/system/GetCurrentTimeAction.java
GetCurrentVolume	CENTRAL	true	prompt	restored_direct	keyguard_safe	runtime/core/src/tier_a.rs::"GetCurrentVolume"	Strict read-only fallback emits the installed native action.	ironman/sources/humaneinternal/system/intent/actions/system/GetCurrentVolumeAction.java
GetIfThenMapSize	CENTRAL	true	prompt	restored_direct	keyguard_safe	runtime/core/src/tier_a.rs::"GetIfThenMapSize"	Feature-gated strict fallback emits the installed native action.	ironman/sources/humaneinternal/system/intent/actions/sdk/GetIfThenMapSizeAction.java
GetMusicQueue	MUSIC	true	prompt	provider_bridge	provider_consent	runtime/core/src/tier_a.rs::"GetMusicQueue"	Native action remains; retired provider boundary has a bounded replacement.	ironman/sources/humaneinternal/system/intent/actions/media/GetMusicQueueAction.java
GetNewBluetoothAddress	AGENT_SETTINGS	true	agent_tool	restored_agent	unlocked_required	runtime/core/src/tier_a.rs::"GetNewBluetoothAddress"	Only first step of the unlocked named-device loop.	ironman/sources/humaneinternal/system/intent/actions/settings/GetNewBluetoothAddressRequestAction.java
GetPairedBluetoothAddress	AGENT_SETTINGS	true	agent_tool	restored_agent	unlocked_required	runtime/core/src/tier_a.rs::"GetPairedBluetoothAddress"	Only first step of the unlocked named-device loop.	ironman/sources/humaneinternal/system/intent/actions/settings/GetPairedBluetoothAddressRequestAction.java
GetPhoneNumber	CENTRAL	true	prompt	restored_direct	private_data	runtime/core/src/tier_a.rs::"GetPhoneNumber"	Strict read-only fallback emits the installed native action.	ironman/sources/humaneinternal/system/intent/actions/system/GetPhoneNumberAction.java
GetQuickMessagingParticipants	CONTACTS	false	agent_tool	restored_agent	private_data	runtime/core/src/tier_a.rs::"GetQuickMessagingParticipants"	Exact linked CurrentStatus must prove the Pin unlocked.	ironman/sources/humaneinternal/system/intent/actions/contacts/GetQuickMessagingParticipantsAction.java
GetSerialNumber	CENTRAL	false	prompt	restored_direct	private_data	runtime/core/src/tier_a.rs::"GetSerialNumber"	Strict fallback requires explicit unlocked state.	ironman/sources/humaneinternal/system/intent/actions/settings/GetSerialNumberAction.java
HardModerate	CENTRAL	true	policy	internal_only	policy_only	runtime/core/src/tier_a.rs::"HardModerate"	Policy transition; never a broad prompt fallback.	ironman/sources/humaneinternal/system/intent/actions/system/HardModerateAction.java
IncrementVolume	CENTRAL	true	prompt	restored_direct	keyguard_safe	runtime/core/src/tier_a.rs::"IncrementVolume"	Strict fallback emits the installed native action.	ironman/sources/humaneinternal/system/intent/actions/system/IncrementVolumeAction.java
InstructUnlock	CENTRAL	true	internal	internal_only	ui_state	runtime/core/src/tier_a.rs::"InstructUnlock"	UI transition; never a broad prompt fallback.	ironman/sources/humaneinternal/system/intent/actions/system/InstructUnlockAction.java
InvalidSubscription	ANSWERS	true	policy	internal_only	policy_only	runtime/core/src/tier_a.rs::"InvalidSubscription"	Account/policy transition; original subscription backend is not claimed.	ironman/sources/humaneinternal/system/intent/actions/account/subscription/InvalidSubscriptionAction.java
LockDevice	AGENT_SETTINGS	false	prompt	restored_direct	unlocked_required	runtime/core/src/tier_a.rs::"LockDevice"	Strict fallback requires explicit unlocked state.	ironman/sources/humaneinternal/system/intent/actions/settings/LockDeviceAction.java
ManageMemory	CENTRAL	false	internal	internal_only	device_event	runtime/core/src/tier_a.rs::"ManageMemory"	Quick Action bookkeeping transition; not a prompt tool.	ironman/sources/humaneinternal/system/intent/actions/agent/ManageMemoryAction.java
ManageNutrition	FOOD	false	agent	restored_agent	provider_consent	runtime/core/src/tier_a.rs::"ManageNutrition"	Bounded food agent and provider-backed nested tools are restored.	ironman/sources/humaneinternal/system/intent/actions/food/FoodAgentAction.java
MessageSearch	MESSAGES_BACKGROUND	false	prompt	restored_direct	messaging_state	runtime/core/src/tier_a.rs::"MessageSearch"	One linked result may continue to DisplayMessages; no IDs are invented.	ironman/sources/humaneinternal/system/intent/actions/messaging/MessageSearchAction.java
Moderate	ANSWERS	true	policy	internal_only	policy_only	runtime/core/src/tier_a.rs::"Moderate"	Policy transition; never a broad prompt fallback.	ironman/sources/humaneinternal/system/intent/actions/system/ModerateAction.java
Narrate	CENTRAL	true	internal	internal_only	ui_state	runtime/core/src/tier_a.rs::"Narrate"	Renderer transition; never a broad prompt fallback.	ironman/sources/humaneinternal/system/intent/actions/system/NarrateAction.java
NextTrack	MUSIC	true	prompt	provider_bridge	provider_consent	runtime/core/src/tier_a.rs::"NextTrack"	Native action remains; restored provider/session state performs control.	ironman/sources/humaneinternal/system/intent/actions/media/NextTrackAction.java
OpenContacts	CONTACTS	false	prompt	restored_direct	private_data	runtime/core/src/tier_a.rs::"OpenContacts"	Strict fallback requires explicit unlocked state.	ironman/sources/humaneinternal/system/intent/actions/contacts/OpenContactsAction.java
OpenDialerHome	DIALER	false	prompt	restored_direct	call_state	runtime/core/src/tier_a.rs::"OpenDialerHome"	Strict UI fallback requires explicit unlocked state.	ironman/sources/humaneinternal/system/intent/actions/telephony/OpenDialerHomeAction.java
OpenDialpad	DIALER	false	prompt	restored_direct	call_state	runtime/core/src/tier_a.rs::"OpenDialpad"	Strict UI fallback requires explicit unlocked state.	ironman/sources/humaneinternal/system/intent/actions/telephony/OpenDialpadAction.java
OpenMessagesMainMenu	MESSAGES	false	prompt	restored_direct	messaging_state	runtime/core/src/tier_a.rs::"OpenMessagesMainMenu"	Strict UI fallback requires explicit unlocked state.	ironman/sources/humaneinternal/system/intent/actions/system/OpenMessagesMainMenuAction.java
OpenRecentCalls	DIALER	false	prompt	restored_direct	call_state	runtime/core/src/tier_a.rs::"OpenRecentCalls"	Strict private-history fallback requires explicit unlocked state.	ironman/sources/humaneinternal/system/intent/actions/telephony/OpenRecentCallsAction.java
OpenRecentPhotos	PHOTOGRAPHY	false	prompt	restored_direct	private_data	runtime/core/src/tier_a.rs::"OpenRecentPhotos"	Strict private-gallery fallback requires explicit unlocked state.	ironman/sources/humaneinternal/system/intent/actions/photography/OpenRecentPhotosAction.java
OpenTutorial	SYSTEM_NAVIGATION	false	prompt	restored_direct	unlocked_required	runtime/core/src/tier_a.rs::"OpenTutorial"	Strict fallback requires explicit unlocked state.	ironman/sources/humaneinternal/system/intent/actions/tutorial/OpenTutorialAction.java
PauseMusic	MUSIC	true	prompt	provider_bridge	provider_consent	runtime/core/src/tier_a.rs::"PauseMusic"	Native action remains; restored provider/session state performs control.	ironman/sources/humaneinternal/system/intent/actions/media/PauseMusicAction.java
PauseTimer	CLOCK	true	agent_tool	restored_agent	keyguard_safe	runtime/core/src/tier_a.rs::"PauseTimer"	Bounded schema-aware agent route preserves the native handler.	ironman/sources/humaneinternal/system/intent/actions/clock/PauseTimerAction.java
PlayCurrentTrackRadio	MUSIC	true	prompt	provider_bridge	provider_consent	runtime/core/src/tier_a.rs::"PlayCurrentTrackRadio"	Public fieldless station action is restored; private track-ID action stays internal.	ironman/sources/humaneinternal/system/intent/actions/media/PlayCurrentTrackRadioAction.java
PlayFavoriteTracks	MUSIC	true	prompt	provider_bridge	provider_consent	runtime/core/src/tier_a.rs::"PlayFavoriteTracks"	Native action remains; retired provider boundary has a bounded replacement.	ironman/sources/humaneinternal/system/intent/actions/media/PlayFavoriteTracksAction.java
PlayFeaturedMusic	MUSIC	true	prompt	provider_bridge	provider_consent	runtime/core/src/tier_a.rs::"PlayFeaturedMusic"	Native action remains; retired provider boundary has a bounded replacement.	ironman/sources/humaneinternal/system/intent/actions/media/PlayFeaturedMusicAction.java
PlayMusic	MUSIC	true	prompt	provider_bridge	provider_consent	runtime/core/src/tier_a.rs::"PlayMusic"	Native action remains; retired provider boundary has a bounded replacement.	ironman/sources/humaneinternal/system/intent/actions/media/PlayMusicAction.java
PlayRecommendationsWithTrackId	MUSIC	true	internal	internal_only	provider_consent	runtime/core/src/tier_a.rs::"PlayRecommendationsWithTrackId"	Private handler transition; structurally unreachable from ordinary text. The fieldless action enum is closed, so utterance text cannot select it.	ironman/sources/humaneinternal/system/intent/actions/media/PlayRecommendationsWithTrackIdAction.java
PlaySound	CENTRAL	true	internal	internal_only	ui_state	runtime/core/src/tier_a.rs::"PlaySound"	Renderer transition; never a broad prompt fallback.	ironman/sources/humaneinternal/system/intent/actions/system/PlaySoundAction.java
PresentIncomingMessageAction	MESSAGES	true	internal	internal_only	messaging_state	runtime/core/src/tier_a.rs::"PresentIncomingMessageAction"	Telephony event transition; never a broad prompt fallback.	ironman/sources/humaneinternal/system/intent/actions/messaging/PresentIncomingMessageAction.java
PreviousButton	MUSIC	true	internal	internal_only	ui_state	runtime/core/src/tier_a.rs::"PreviousButton"	Music UI transition; never a broad prompt fallback.	ironman/sources/humaneinternal/system/intent/actions/media/PreviousButtonAction.java
PreviousTrack	MUSIC	true	prompt	provider_bridge	provider_consent	runtime/core/src/tier_a.rs::"PreviousTrack"	Native action remains; restored provider/session state performs control.	ironman/sources/humaneinternal/system/intent/actions/media/PreviousTrackAction.java
ReadAllMessages	MESSAGES	false	internal	internal_only	messaging_state	runtime/core/src/tier_a.rs::"ReadAllMessages"	Handler exists but is absent from the central prompt catalog.	ironman/sources/humaneinternal/system/intent/actions/messaging/ReadAllMessagesAction.java
Reboot	AGENT_SETTINGS	true	prompt	restored_direct	power_mutation	runtime/core/src/tier_a.rs::"Reboot"	Strict single-command fallback emits the installed reboot action.	ironman/sources/humaneinternal/system/intent/actions/settings/RebootAction.java
Respond	ANSWERS	true	prompt	provider_bridge	provider_consent	runtime/core/src/tier_a.rs::"Respond"	Native renderer action is backed by the selected bounded provider.	ironman/sources/humaneinternal/system/intent/actions/system/RespondAction.java
RestartTrack	MUSIC	true	prompt	provider_bridge	provider_consent	runtime/core/src/tier_a.rs::"RestartTrack"	Native action remains; restored provider/session state performs control.	ironman/sources/humaneinternal/system/intent/actions/media/RestartTrackAction.java
ResumeCall	DIALER	true	prompt	restored_direct	call_state	runtime/core/src/tier_a.rs::"ResumeCall"	Exact control is useful only against matching call state.	ironman/sources/humaneinternal/system/intent/actions/telephony/ResumeCallAction.java
ResumeMusic	MUSIC	true	prompt	provider_bridge	provider_consent	runtime/core/src/tier_a.rs::"ResumeMusic"	Native action remains; restored provider/session state performs control.	ironman/sources/humaneinternal/system/intent/actions/media/ResumeMusicAction.java
ResumeTimer	CLOCK	true	agent_tool	restored_agent	keyguard_safe	runtime/core/src/tier_a.rs::"ResumeTimer"	Bounded schema-aware agent route preserves the native handler.	ironman/sources/humaneinternal/system/intent/actions/clock/ResumeTimerAction.java
SaveCurrentTrackToFavorites	MUSIC	true	prompt	provider_bridge	provider_consent	runtime/core/src/tier_a.rs::"SaveCurrentTrackToFavorites"	Explicit library mutation uses the restored provider session.	ironman/sources/humaneinternal/system/intent/actions/media/SaveCurrentTrackToFavoritesAction.java
SearchContact	CONTACTS	true	agent_tool	restored_agent	private_data	runtime/core/src/tier_a.rs::"SearchContact"	Bounded schema-aware agent route preserves the native handler.	ironman/sources/humaneinternal/system/intent/actions/contacts/SearchContactAction.java
SetAlarm	CLOCK	true	agent_tool	restored_agent	keyguard_safe	runtime/core/src/tier_a.rs::"SetAlarm"	Bounded schema-aware agent route preserves the native handler.	ironman/sources/humaneinternal/system/intent/actions/clock/SetAlarmAction.java
SetDefaultTranslateLanguage	TRANSLATION	true	agent_tool	provider_bridge	provider_consent	runtime/core/src/tier_a.rs::"SetDefaultTranslateLanguage"	Unverified: the deterministic planner emits the Translate{Target} shape and assumes the stock language-selection UI applies it; the server never emits SetDefaultTranslateLanguage and has no verified handler (tools/catalog.rs DELIBERATELY_NOT_EXPOSED).	ironman/sources/humaneinternal/system/intent/actions/translate/SetDefaultTranslateLanguageAction.java
SetQuickMessagingContact	CONTACTS	true	agent_tool	restored_agent	contact_mutation	runtime/core/src/tier_a.rs::"SetQuickMessagingContact"	Contact ID must come from the exact linked search result.	ironman/sources/humaneinternal/system/intent/actions/contacts/SetQuickMessagingContactAction.java
SetTimer	CLOCK	true	agent_tool	restored_agent	keyguard_safe	runtime/core/src/tier_a.rs::"SetTimer"	Bounded schema-aware agent route preserves the native handler.	ironman/sources/humaneinternal/system/intent/actions/clock/SetTimerAction.java
SetUpTouchcode	CENTRAL	true	prompt	restored_direct	trust_mutation	runtime/core/src/tier_a.rs::"SetUpTouchcode"	Strict fallback opens the installed Touchcode enrollment UI.	ironman/sources/humaneinternal/system/intent/actions/settings/SetUpTouchcodeAction.java
SetVolume	AGENT_SETTINGS	true	prompt	restored_direct	keyguard_safe	runtime/core/src/tier_a.rs::"SetVolume"	Bounded 0-100 strict fallback emits the installed native action.	ironman/sources/humaneinternal/system/intent/actions/system/SetVolumeAction.java
Settings	AGENT_SETTINGS	true	agent	restored_agent	unlocked_required	runtime/core/src/tier_a.rs::"Settings"	Only bounded unlocked DeviceStatus and named Bluetooth loops are exposed.	ironman/sources/humaneinternal/system/intent/actions/agent/SettingsAgentAction.java
ShowError	MUSIC	true	internal	internal_only	ui_state	runtime/core/src/tier_a.rs::"ShowError"	Music error/UI transition; never a broad prompt fallback.	ironman/sources/humaneinternal/system/intent/actions/media/ShowErrorAction.java
StartActivityTracker	CENTRAL	true	prompt	restored_direct	keyguard_safe	runtime/core/src/tier_a.rs::"StartActivityTracker"	Feature-gated strict fallback emits the installed native action.	ironman/sources/humaneinternal/system/intent/actions/fitness/StartActivityTrackerAction.java
StartTranslation	TRANSLATION	true	context	context_only	active_context	runtime/core/src/tier_a.rs::"StartTranslation"	Device-generated session ID only; not synthesized from ordinary voice.	ironman/sources/humaneinternal/system/intent/actions/translate/StartTranslationAction.java
StopActivityTracker	CENTRAL	true	prompt	restored_direct	keyguard_safe	runtime/core/src/tier_a.rs::"StopActivityTracker"	Exact Stop remains reachable when fitness_tracker_enabled is false so an active session can close safely.	ironman/sources/humaneinternal/system/intent/actions/fitness/StopActivityTrackerAction.java
StopTranslation	TRANSLATION	true	context	context_only	active_context	runtime/core/src/tier_a.rs::"StopTranslation"	Device-generated session ID only; not synthesized from ordinary voice.	ironman/sources/humaneinternal/system/intent/actions/translate/StopTranslationAction.java
StopVideo	PHOTOGRAPHY	true	prompt	restored_direct	camera_state	runtime/core/src/tier_a.rs::"StopVideo"	Strict fallback emits the installed native action.	ironman/sources/humaneinternal/system/intent/actions/photography/StopVideoAction.java
SystemTraceStart	CENTRAL	true	developer	developer_only	developer_only	runtime/core/src/tier_a.rs::"SystemTraceStart"	Filtered from ordinary product prompts.	ironman/sources/humaneinternal/system/systemtrace/SystemTraceStartAction.java
SystemTraceStop	CENTRAL	true	developer	developer_only	developer_only	runtime/core/src/tier_a.rs::"SystemTraceStop"	Filtered from ordinary product prompts.	ironman/sources/humaneinternal/system/systemtrace/SystemTraceStopAction.java
ThermalWarning	CENTRAL	true	internal	internal_only	device_event	runtime/core/src/tier_a.rs::"ThermalWarning"	Device event transition; never a broad prompt fallback.	ironman/sources/humaneinternal/system/intent/actions/system/ThermalWarningAction.java
Tickle	TICKLE_PROTOTYPE	true	prompt	restored_direct	keyguard_safe	runtime/core/src/tier_a.rs::"Tickle"	Feature-gated direct route preserves the installed native experience.	ironman/sources/humaneinternal/system/intent/actions/tickle/TickleAction.java
Timer	CLOCK	true	agent	restored_agent	keyguard_safe	runtime/core/src/tier_a.rs::"Timer"	Bounded schema-aware agent route preserves the native handler.	ironman/sources/humaneinternal/system/intent/actions/agent/TimerAgentAction.java
Translate	TRANSLATION	true	prompt	provider_bridge	provider_consent	runtime/core/src/tier_a.rs::"Translate"	Native action and stock UI are backed by bounded translation services.	ironman/sources/humaneinternal/system/intent/actions/translate/TranslateAction.java
TriggerBugReport	CENTRAL	true	prompt	stock_only	diagnostic	runtime/core/src/tier_a.rs::"TriggerBugReport"	Installed local handler remains; original cloud delivery is not claimed.	ironman/sources/humaneinternal/system/intent/actions/bug_report/TriggerBugReportAction.java
TrustLock	CENTRAL	false	prompt	restored_direct	trust_mutation	runtime/core/src/tier_a.rs::"TrustLock"	Unlocked strict fallback emits the installed Trust Lock action.	ironman/sources/humaneinternal/system/intent/actions/settings/TrustLockAction.java
TurnOffAirplaneMode	AGENT_SETTINGS	true	prompt	restored_direct	radio_mutation	runtime/core/src/tier_a.rs::"TurnOffAirplaneMode"	Strict single-command fallback emits the installed airplane-mode action.	ironman/sources/humaneinternal/system/intent/actions/settings/TurnOffAirplaneModeAction.java
TurnOffAmberAlert	CENTRAL	false	prompt	restored_direct	radio_mutation	runtime/core/src/tier_a.rs::"TurnOffAmberAlert"	Unlocked strict fallback emits the installed Amber-alert action.	ironman/sources/humaneinternal/system/intent/actions/settings/TurnOffAmberAlertAction.java
TurnOffBluetooth	AGENT_SETTINGS	true	prompt	restored_direct	radio_mutation	runtime/core/src/tier_a.rs::"TurnOffBluetooth"	Strict single-command fallback emits the installed Bluetooth action.	ironman/sources/humaneinternal/system/intent/actions/settings/TurnOffBluetoothAction.java
TurnOffCellularData	CENTRAL	false	prompt	restored_direct	radio_mutation	runtime/core/src/tier_a.rs::"TurnOffCellularData"	Unlocked strict fallback emits the installed cellular-data action.	ironman/sources/humaneinternal/system/intent/actions/settings/TurnOffCellularDataAction.java
TurnOffCellularRoaming	CENTRAL	false	prompt	restored_direct	radio_mutation	runtime/core/src/tier_a.rs::"TurnOffCellularRoaming"	Unlocked strict fallback emits the installed cellular-roaming action.	ironman/sources/humaneinternal/system/intent/actions/settings/TurnOffCellularRoamingAction.java
TurnOffDevice	AGENT_SETTINGS	true	prompt	restored_direct	power_mutation	runtime/core/src/tier_a.rs::"TurnOffDevice"	Strict single-command fallback emits the installed power-off action.	ironman/sources/humaneinternal/system/intent/actions/settings/TurnOffDeviceAction.java
TurnOffEmergencyAlert	CENTRAL	false	prompt	restored_direct	radio_mutation	runtime/core/src/tier_a.rs::"TurnOffEmergencyAlert"	Unlocked strict fallback emits the installed emergency-alert action.	ironman/sources/humaneinternal/system/intent/actions/settings/TurnOffEmergencyAlertAction.java
TurnOffPublicSafetyAlert	CENTRAL	false	prompt	restored_direct	radio_mutation	runtime/core/src/tier_a.rs::"TurnOffPublicSafetyAlert"	Unlocked strict fallback emits the installed public-safety-alert action.	ironman/sources/humaneinternal/system/intent/actions/settings/TurnOffPublicSafetyAlertAction.java
TurnOffWifi	AGENT_SETTINGS	true	prompt	restored_direct	radio_mutation	runtime/core/src/tier_a.rs::"TurnOffWifi"	Strict single-command fallback emits the installed Wi-Fi action.	ironman/sources/humaneinternal/system/intent/actions/settings/TurnOffWifiAction.java
TurnOnAirplaneMode	AGENT_SETTINGS	true	prompt	restored_direct	radio_mutation	runtime/core/src/tier_a.rs::"TurnOnAirplaneMode"	Strict single-command fallback emits the installed airplane-mode action.	ironman/sources/humaneinternal/system/intent/actions/settings/TurnOnAirplaneModeAction.java
TurnOnAmberAlert	CENTRAL	false	prompt	restored_direct	radio_mutation	runtime/core/src/tier_a.rs::"TurnOnAmberAlert"	Unlocked strict fallback emits the installed Amber-alert action.	ironman/sources/humaneinternal/system/intent/actions/settings/TurnOnAmberAlertAction.java
TurnOnBluetooth	AGENT_SETTINGS	true	prompt	restored_direct	radio_mutation	runtime/core/src/tier_a.rs::"TurnOnBluetooth"	Strict single-command fallback emits the installed Bluetooth action.	ironman/sources/humaneinternal/system/intent/actions/settings/TurnOnBluetoothAction.java
TurnOnCellularData	CENTRAL	false	prompt	restored_direct	radio_mutation	runtime/core/src/tier_a.rs::"TurnOnCellularData"	Unlocked strict fallback emits the installed cellular-data action.	ironman/sources/humaneinternal/system/intent/actions/settings/TurnOnCellularDataAction.java
TurnOnCellularRoaming	CENTRAL	false	prompt	restored_direct	radio_mutation	runtime/core/src/tier_a.rs::"TurnOnCellularRoaming"	Unlocked strict fallback emits the installed cellular-roaming action.	ironman/sources/humaneinternal/system/intent/actions/settings/TurnOnCellularRoamingAction.java
TurnOnEmergencyAlert	CENTRAL	false	prompt	restored_direct	radio_mutation	runtime/core/src/tier_a.rs::"TurnOnEmergencyAlert"	Unlocked strict fallback emits the installed emergency-alert action.	ironman/sources/humaneinternal/system/intent/actions/settings/TurnOnEmergencyAlertAction.java
TurnOnPublicSafetyAlert	CENTRAL	false	prompt	restored_direct	radio_mutation	runtime/core/src/tier_a.rs::"TurnOnPublicSafetyAlert"	Unlocked strict fallback emits the installed public-safety-alert action.	ironman/sources/humaneinternal/system/intent/actions/settings/TurnOnPublicSafetyAlertAction.java
TurnOnWifi	AGENT_SETTINGS	true	prompt	restored_direct	radio_mutation	runtime/core/src/tier_a.rs::"TurnOnWifi"	Strict single-command fallback emits the installed Wi-Fi action.	ironman/sources/humaneinternal/system/intent/actions/settings/TurnOnWifiAction.java
UnauthorizedDevice	ANSWERS	true	policy	internal_only	policy_only	runtime/core/src/tier_a.rs::"UnauthorizedDevice"	Account/policy transition; original account backend is not claimed.	ironman/sources/humaneinternal/system/intent/actions/account/UnauthorizedDeviceAction.java
UnderstandScene	ANSWERS	true	prompt	provider_bridge	provider_consent	runtime/core/src/tier_a.rs::"UnderstandScene"	Native action remains; image analysis has a bounded provider replacement.	ironman/sources/humaneinternal/system/intent/actions/ai_mic/UnderstandSceneAction.java
UpdateContactTrusted	CONTACTS	true	internal	internal_only	trust_mutation	runtime/core/src/tier_a.rs::"UpdateContactTrusted"	UI/internal trust transition; never a broad prompt fallback.	ironman/sources/humaneinternal/system/intent/actions/contacts/UpdateContactTrustedAction.java
UserConfirmedEmergencyCall	DIALER	true	context	context_only	emergency_confirmation	runtime/core/src/tier_a.rs::"UserConfirmedEmergencyCall"	Valid only inside an active matching emergency context.	ironman/sources/humaneinternal/system/intent/actions/telephony/UserConfirmedEmergencyCallAction.java
UserConfirmedFactoryReset	CENTRAL	false	context	context_only	destructive_mutation	runtime/core/src/tier_a.rs::"UserConfirmedFactoryReset"	Valid only inside an active matching reset context.	ironman/sources/humaneinternal/system/intent/actions/settings/UserConfirmedFactoryResetAction.java
UserDeniedEmergencyCall	DIALER	true	context	context_only	emergency_confirmation	runtime/core/src/tier_a.rs::"UserDeniedEmergencyCall"	Valid only inside an active matching emergency context.	ironman/sources/humaneinternal/system/intent/actions/telephony/UserDeniedEmergencyCallAction.java
UserDeniedFactoryReset	CENTRAL	false	context	context_only	destructive_mutation	runtime/core/src/tier_a.rs::"UserDeniedFactoryReset"	Valid only inside an active matching reset context.	ironman/sources/humaneinternal/system/intent/actions/settings/UserDeniedFactoryResetAction.java
ViewCallLog	DIALER	false	internal	internal_only	private_data	runtime/core/src/tier_a.rs::"ViewCallLog"	Private UI transition; never a broad prompt fallback.	ironman/sources/humaneinternal/system/intent/actions/telephony/ViewCallLogAction.java
WifiQrScan	CENTRAL	true	prompt	restored_direct	radio_mutation	runtime/core/src/tier_a.rs::"WifiQrScan"	Strict fallback opens the installed Wi-Fi QR scanner without handling credentials server-side.	ironman/sources/humaneinternal/system/intent/actions/settings/WifiQrScanAction.java
WorldClock	CLOCK	true	agent_tool	restored_agent	keyguard_safe	runtime/core/src/tier_a.rs::"WorldClock"	Strict location route preserves the native handler; unmatched web continuation is not restored.	ironman/sources/humaneinternal/system/intent/actions/clock/WorldClockAction.java
