action_name	evidence_path
AcceptCall	ironman/sources/humaneinternal/system/intent/actions/telephony/AcceptCallAction.java
AddIfThenEntry	ironman/sources/humaneinternal/system/intent/actions/sdk/AddIfThenEntryAction.java
Alarm	ironman/sources/humaneinternal/system/intent/actions/agent/AlarmAgentAction.java
AmIOnline	ironman/sources/humaneinternal/system/intent/actions/system/AmIOnlineAction.java
AskConfirmationForEmergencyCall	ironman/sources/humaneinternal/system/intent/actions/telephony/AskConfirmationForEmergencyCallAction.java
AskConfirmationForFactoryReset	ironman/sources/humaneinternal/system/intent/actions/settings/AskConfirmationForFactoryResetAction.java
CallPerson	ironman/sources/humaneinternal/system/intent/actions/telephony/CallPersonAction.java
CancelAlarm	ironman/sources/humaneinternal/system/intent/actions/clock/CancelAlarmAction.java
CancelSendMessage	ironman/sources/humaneinternal/system/intent/actions/messaging/CancelSendMessageAction.java
CapturePhotograph	ironman/sources/humaneinternal/system/intent/actions/photography/CapturePhotographAction.java
CaptureVideo	ironman/sources/humaneinternal/system/intent/actions/photography/CaptureVideoAction.java
CatchMeUp	ironman/sources/humaneinternal/system/intent/actions/messaging/CatchMeUpAction.java
ChangeQuickAction	ironman/sources/humaneinternal/system/intent/actions/settings/ChangeQuickActionAction.java
ClearIfThenMap	ironman/sources/humaneinternal/system/intent/actions/sdk/ClearIfThenMapAction.java
ClearUnderstandingContext	ironman/sources/humaneinternal/system/intent/actions/system/ClearUnderstandingContextAction.java
ComposeMessage	ironman/sources/humaneinternal/system/intent/actions/messaging/ComposeMessageAction.java
ConfirmSendMessage	ironman/sources/humaneinternal/system/intent/actions/messaging/ConfirmSendMessageAction.java
ConnectToBluetooth	ironman/sources/humaneinternal/system/intent/actions/settings/ConnectToBluetoothAction.java
ConnectToWifi	ironman/sources/humaneinternal/system/intent/actions/settings/ConnectToWifiAction.java
Contacts	ironman/sources/humaneinternal/system/intent/actions/agent/ContactsAgentAction.java
CreateContact	ironman/sources/humaneinternal/system/intent/actions/contacts/CreateContactAction.java
CreateMemory	ironman/sources/humaneinternal/system/intent/actions/memory/CreateMemoryAction.java
DecrementVolume	ironman/sources/humaneinternal/system/intent/actions/system/DecrementVolumeAction.java
DeleteTimer	ironman/sources/humaneinternal/system/intent/actions/clock/DeleteTimerAction.java
DeviceStatus	ironman/sources/humaneinternal/system/intent/actions/settings/DeviceStatusAction.java
DeviceUnlocked	ironman/sources/humaneinternal/system/intent/actions/system/DeviceUnlockedAction.java
DisconnectBluetooth	ironman/sources/humaneinternal/system/intent/actions/settings/DisconnectBluetoothAction.java
DisconnectWifi	ironman/sources/humaneinternal/system/intent/actions/settings/DisconnectWifiAction.java
DisplayAlarm	ironman/sources/humaneinternal/system/intent/actions/clock/DisplayAlarmAction.java
DisplayContact	ironman/sources/humaneinternal/system/intent/actions/contacts/DisplayContactAction.java
DisplayMessages	ironman/sources/humaneinternal/system/intent/actions/messaging/DisplayMessagesAction.java
DisplayTimer	ironman/sources/humaneinternal/system/intent/actions/clock/DisplayTimerAction.java
EditTimer	ironman/sources/humaneinternal/system/intent/actions/clock/EditTimerAction.java
EndCall	ironman/sources/humaneinternal/system/intent/actions/telephony/EndCallAction.java
EnterPrivacyMode	ironman/sources/humaneinternal/system/intent/actions/system/EnterPrivacyModeAction.java
ExperimentalInterface	ironman/sources/humaneinternal/system/intent/actions/internal/ExperimentalInterfaceAction.java
ExplainFailure	ironman/sources/humaneinternal/system/intent/actions/ai_mic/ExplainFailureAction.java
FactoryReset	ironman/sources/humaneinternal/system/intent/actions/settings/FactoryResetAction.java
GenerateMusicPlaylist	ironman/sources/humaneinternal/system/intent/actions/media/GenerateMusicPlaylistAction.java
GetAirplaneModeStatus	ironman/sources/humaneinternal/system/intent/actions/settings/GetAirplaneModeStatusAction.java
GetBatteryLevel	ironman/sources/humaneinternal/system/intent/actions/system/GetBatteryLevelAction.java
GetBluetoothStatus	ironman/sources/humaneinternal/system/intent/actions/settings/GetBluetoothStatusAction.java
GetCurrentLocation	ironman/sources/humaneinternal/system/intent/actions/system/GetCurrentLocationAction.java
GetCurrentTime	ironman/sources/humaneinternal/system/intent/actions/system/GetCurrentTimeAction.java
GetCurrentVolume	ironman/sources/humaneinternal/system/intent/actions/system/GetCurrentVolumeAction.java
GetIfThenMapSize	ironman/sources/humaneinternal/system/intent/actions/sdk/GetIfThenMapSizeAction.java
GetMusicQueue	ironman/sources/humaneinternal/system/intent/actions/media/GetMusicQueueAction.java
GetNewBluetoothAddress	ironman/sources/humaneinternal/system/intent/actions/settings/GetNewBluetoothAddressRequestAction.java
GetPairedBluetoothAddress	ironman/sources/humaneinternal/system/intent/actions/settings/GetPairedBluetoothAddressRequestAction.java
GetPhoneNumber	ironman/sources/humaneinternal/system/intent/actions/system/GetPhoneNumberAction.java
GetQuickMessagingParticipants	ironman/sources/humaneinternal/system/intent/actions/contacts/GetQuickMessagingParticipantsAction.java
GetSerialNumber	ironman/sources/humaneinternal/system/intent/actions/settings/GetSerialNumberAction.java
HardModerate	ironman/sources/humaneinternal/system/intent/actions/system/HardModerateAction.java
IncrementVolume	ironman/sources/humaneinternal/system/intent/actions/system/IncrementVolumeAction.java
InstructUnlock	ironman/sources/humaneinternal/system/intent/actions/system/InstructUnlockAction.java
InvalidSubscription	ironman/sources/humaneinternal/system/intent/actions/account/subscription/InvalidSubscriptionAction.java
LockDevice	ironman/sources/humaneinternal/system/intent/actions/settings/LockDeviceAction.java
ManageMemory	ironman/sources/humaneinternal/system/intent/actions/agent/ManageMemoryAction.java
ManageNutrition	ironman/sources/humaneinternal/system/intent/actions/food/FoodAgentAction.java
MessageSearch	ironman/sources/humaneinternal/system/intent/actions/messaging/MessageSearchAction.java
Moderate	ironman/sources/humaneinternal/system/intent/actions/system/ModerateAction.java
Narrate	ironman/sources/humaneinternal/system/intent/actions/system/NarrateAction.java
NextTrack	ironman/sources/humaneinternal/system/intent/actions/media/NextTrackAction.java
OpenContacts	ironman/sources/humaneinternal/system/intent/actions/contacts/OpenContactsAction.java
OpenDialerHome	ironman/sources/humaneinternal/system/intent/actions/telephony/OpenDialerHomeAction.java
OpenDialpad	ironman/sources/humaneinternal/system/intent/actions/telephony/OpenDialpadAction.java
OpenMessagesMainMenu	ironman/sources/humaneinternal/system/intent/actions/system/OpenMessagesMainMenuAction.java
OpenRecentCalls	ironman/sources/humaneinternal/system/intent/actions/telephony/OpenRecentCallsAction.java
OpenRecentPhotos	ironman/sources/humaneinternal/system/intent/actions/photography/OpenRecentPhotosAction.java
OpenTutorial	ironman/sources/humaneinternal/system/intent/actions/tutorial/OpenTutorialAction.java
PauseMusic	ironman/sources/humaneinternal/system/intent/actions/media/PauseMusicAction.java
PauseTimer	ironman/sources/humaneinternal/system/intent/actions/clock/PauseTimerAction.java
PlayCurrentTrackRadio	ironman/sources/humaneinternal/system/intent/actions/media/PlayCurrentTrackRadioAction.java
PlayFavoriteTracks	ironman/sources/humaneinternal/system/intent/actions/media/PlayFavoriteTracksAction.java
PlayFeaturedMusic	ironman/sources/humaneinternal/system/intent/actions/media/PlayFeaturedMusicAction.java
PlayMusic	ironman/sources/humaneinternal/system/intent/actions/media/PlayMusicAction.java
PlayRecommendationsWithTrackId	ironman/sources/humaneinternal/system/intent/actions/media/PlayRecommendationsWithTrackIdAction.java
PlaySound	ironman/sources/humaneinternal/system/intent/actions/system/PlaySoundAction.java
PresentIncomingMessageAction	ironman/sources/humaneinternal/system/intent/actions/messaging/PresentIncomingMessageAction.java
PreviousButton	ironman/sources/humaneinternal/system/intent/actions/media/PreviousButtonAction.java
PreviousTrack	ironman/sources/humaneinternal/system/intent/actions/media/PreviousTrackAction.java
ReadAllMessages	ironman/sources/humaneinternal/system/intent/actions/messaging/ReadAllMessagesAction.java
Reboot	ironman/sources/humaneinternal/system/intent/actions/settings/RebootAction.java
Respond	ironman/sources/humaneinternal/system/intent/actions/system/RespondAction.java
RestartTrack	ironman/sources/humaneinternal/system/intent/actions/media/RestartTrackAction.java
ResumeCall	ironman/sources/humaneinternal/system/intent/actions/telephony/ResumeCallAction.java
ResumeMusic	ironman/sources/humaneinternal/system/intent/actions/media/ResumeMusicAction.java
ResumeTimer	ironman/sources/humaneinternal/system/intent/actions/clock/ResumeTimerAction.java
SaveCurrentTrackToFavorites	ironman/sources/humaneinternal/system/intent/actions/media/SaveCurrentTrackToFavoritesAction.java
SearchContact	ironman/sources/humaneinternal/system/intent/actions/contacts/SearchContactAction.java
SetAlarm	ironman/sources/humaneinternal/system/intent/actions/clock/SetAlarmAction.java
SetDefaultTranslateLanguage	ironman/sources/humaneinternal/system/intent/actions/translate/SetDefaultTranslateLanguageAction.java
SetQuickMessagingContact	ironman/sources/humaneinternal/system/intent/actions/contacts/SetQuickMessagingContactAction.java
SetTimer	ironman/sources/humaneinternal/system/intent/actions/clock/SetTimerAction.java
SetUpTouchcode	ironman/sources/humaneinternal/system/intent/actions/settings/SetUpTouchcodeAction.java
SetVolume	ironman/sources/humaneinternal/system/intent/actions/system/SetVolumeAction.java
Settings	ironman/sources/humaneinternal/system/intent/actions/agent/SettingsAgentAction.java
ShowError	ironman/sources/humaneinternal/system/intent/actions/media/ShowErrorAction.java
StartActivityTracker	ironman/sources/humaneinternal/system/intent/actions/fitness/StartActivityTrackerAction.java
StartTranslation	ironman/sources/humaneinternal/system/intent/actions/translate/StartTranslationAction.java
StopActivityTracker	ironman/sources/humaneinternal/system/intent/actions/fitness/StopActivityTrackerAction.java
StopTranslation	ironman/sources/humaneinternal/system/intent/actions/translate/StopTranslationAction.java
StopVideo	ironman/sources/humaneinternal/system/intent/actions/photography/StopVideoAction.java
SystemTraceStart	ironman/sources/humaneinternal/system/systemtrace/SystemTraceStartAction.java
SystemTraceStop	ironman/sources/humaneinternal/system/systemtrace/SystemTraceStopAction.java
ThermalWarning	ironman/sources/humaneinternal/system/intent/actions/system/ThermalWarningAction.java
Tickle	ironman/sources/humaneinternal/system/intent/actions/tickle/TickleAction.java
Timer	ironman/sources/humaneinternal/system/intent/actions/agent/TimerAgentAction.java
Translate	ironman/sources/humaneinternal/system/intent/actions/translate/TranslateAction.java
TriggerBugReport	ironman/sources/humaneinternal/system/intent/actions/bug_report/TriggerBugReportAction.java
TrustLock	ironman/sources/humaneinternal/system/intent/actions/settings/TrustLockAction.java
TurnOffAirplaneMode	ironman/sources/humaneinternal/system/intent/actions/settings/TurnOffAirplaneModeAction.java
TurnOffAmberAlert	ironman/sources/humaneinternal/system/intent/actions/settings/TurnOffAmberAlertAction.java
TurnOffBluetooth	ironman/sources/humaneinternal/system/intent/actions/settings/TurnOffBluetoothAction.java
TurnOffCellularData	ironman/sources/humaneinternal/system/intent/actions/settings/TurnOffCellularDataAction.java
TurnOffCellularRoaming	ironman/sources/humaneinternal/system/intent/actions/settings/TurnOffCellularRoamingAction.java
TurnOffDevice	ironman/sources/humaneinternal/system/intent/actions/settings/TurnOffDeviceAction.java
TurnOffEmergencyAlert	ironman/sources/humaneinternal/system/intent/actions/settings/TurnOffEmergencyAlertAction.java
TurnOffPublicSafetyAlert	ironman/sources/humaneinternal/system/intent/actions/settings/TurnOffPublicSafetyAlertAction.java
TurnOffWifi	ironman/sources/humaneinternal/system/intent/actions/settings/TurnOffWifiAction.java
TurnOnAirplaneMode	ironman/sources/humaneinternal/system/intent/actions/settings/TurnOnAirplaneModeAction.java
TurnOnAmberAlert	ironman/sources/humaneinternal/system/intent/actions/settings/TurnOnAmberAlertAction.java
TurnOnBluetooth	ironman/sources/humaneinternal/system/intent/actions/settings/TurnOnBluetoothAction.java
TurnOnCellularData	ironman/sources/humaneinternal/system/intent/actions/settings/TurnOnCellularDataAction.java
TurnOnCellularRoaming	ironman/sources/humaneinternal/system/intent/actions/settings/TurnOnCellularRoamingAction.java
TurnOnEmergencyAlert	ironman/sources/humaneinternal/system/intent/actions/settings/TurnOnEmergencyAlertAction.java
TurnOnPublicSafetyAlert	ironman/sources/humaneinternal/system/intent/actions/settings/TurnOnPublicSafetyAlertAction.java
TurnOnWifi	ironman/sources/humaneinternal/system/intent/actions/settings/TurnOnWifiAction.java
UnauthorizedDevice	ironman/sources/humaneinternal/system/intent/actions/account/UnauthorizedDeviceAction.java
UnderstandScene	ironman/sources/humaneinternal/system/intent/actions/ai_mic/UnderstandSceneAction.java
UpdateContactTrusted	ironman/sources/humaneinternal/system/intent/actions/contacts/UpdateContactTrustedAction.java
UserConfirmedEmergencyCall	ironman/sources/humaneinternal/system/intent/actions/telephony/UserConfirmedEmergencyCallAction.java
UserConfirmedFactoryReset	ironman/sources/humaneinternal/system/intent/actions/settings/UserConfirmedFactoryResetAction.java
UserDeniedEmergencyCall	ironman/sources/humaneinternal/system/intent/actions/telephony/UserDeniedEmergencyCallAction.java
UserDeniedFactoryReset	ironman/sources/humaneinternal/system/intent/actions/settings/UserDeniedFactoryResetAction.java
ViewCallLog	ironman/sources/humaneinternal/system/intent/actions/telephony/ViewCallLogAction.java
WifiQrScan	ironman/sources/humaneinternal/system/intent/actions/settings/WifiQrScanAction.java
WorldClock	ironman/sources/humaneinternal/system/intent/actions/clock/WorldClockAction.java
